{"cameraMode":{"drawMode":0,"name":"Shaded","section":"Shading Mode"},"sceneLighting":true,"audioPlay":false,"sceneViewState":{"showFog":true,"showMaterialUpdate":false,"showSkybox":true,"showFlares":true,"showImageEffects":true,"showParticleSystems":true,"showVisualEffectGraphs":true,"m_FxEnabled":true},"in2DMode":false,"pivot":{"x":661.8079223632813,"y":141.33340454101563,"z":1035.587646484375},"rotation":{"x":-0.19403395056724549,"y":-0.018542848527431489,"z":0.003668419783934951,"w":-0.9808056950569153},"size":857.0858764648438,"orthographic":false}