{"cameraMode":{"drawMode":0,"name":"Shaded","section":"Shading Mode"},"sceneLighting":true,"audioPlay":false,"sceneViewState":{"showFog":true,"showMaterialUpdate":true,"showSkybox":false,"showFlares":true,"showImageEffects":false,"showParticleSystems":true,"showVisualEffectGraphs":true,"m_FxEnabled":true},"in2DMode":false,"pivot":{"x":-3.474355697631836,"y":-11.880918502807618,"z":-22.560375213623048},"rotation":{"x":0.0042081610299646858,"y":-0.9642494320869446,"z":0.2646825909614563,"w":0.015035430900752545},"size":19.280424118041993,"orthographic":false}